AC_NAME,AC_NO,PARTY,VOTES,YEAR
Constituency_1,1,INC,70006,2001
Constituency_1,1,BJP,48735,2001
Constituency_1,1,CPM,89607,2001
Constituency_1,1,AITC,97638,2001
Constituency_1,1,DMK,73713,2001
Constituency_1,1,AIADMK,32390,2001
Constituency_1,1,OTHERS,89506,2001
Constituency_2,2,INC,29671,2001
Constituency_2,2,BJP,85983,2001
Constituency_2,2,CPM,58180,2001
Constituency_2,2,AITC,92459,2001
Constituency_2,2,DMK,48576,2001
Constituency_2,2,AIADMK,61124,2001
Constituency_2,2,OTHERS,58510,2001
Constituency_3,3,INC,65426,2001
Constituency_3,3,BJP,53133,2001
Constituency_3,3,CPM,54543,2001
Constituency_3,3,AITC,13763,2001
Constituency_3,3,DMK,69942,2001
Constituency_3,3,AIADMK,90707,2001
Constituency_3,3,OTHERS,16016,2001
Constituency_4,4,INC,73065,2001
Constituency_4,4,BJP,22602,2001
Constituency_4,4,CPM,35494,2001
Constituency_4,4,AITC,69319,2001
Constituency_4,4,DMK,77798,2001
Constituency_4,4,AIADMK,46422,2001
Constituency_4,4,OTHERS,18189,2001
Constituency_5,5,INC,45413,2001
Constituency_5,5,BJP,58195,2001
Constituency_5,5,CPM,77660,2001
Constituency_5,5,AITC,45677,2001
Constituency_5,5,DMK,95594,2001
Constituency_5,5,AIADMK,16090,2001
Constituency_5,5,OTHERS,27378,2001
Constituency_6,6,INC,19442,2001
Constituency_6,6,BJP,83197,2001
Constituency_6,6,CPM,47090,2001
Constituency_6,6,AITC,80461,2001
Constituency_6,6,DMK,35689,2001
Constituency_6,6,AIADMK,24525,2001
Constituency_6,6,OTHERS,23180,2001
Constituency_7,7,INC,20920,2001
Constituency_7,7,BJP,97813,2001
Constituency_7,7,CPM,54747,2001
Constituency_7,7,AITC,51470,2001
Constituency_7,7,DMK,99743,2001
Constituency_7,7,AIADMK,15047,2001
Constituency_7,7,OTHERS,61736,2001
Constituency_8,8,INC,71433,2001
Constituency_8,8,BJP,65242,2001
Constituency_8,8,CPM,56632,2001
Constituency_8,8,AITC,59162,2001
Constituency_8,8,DMK,75277,2001
Constituency_8,8,AIADMK,46266,2001
Constituency_8,8,OTHERS,93533,2001
Constituency_9,9,INC,87400,2001
Constituency_9,9,BJP,54110,2001
Constituency_9,9,CPM,28893,2001
Constituency_9,9,AITC,83679,2001
Constituency_9,9,DMK,78013,2001
Constituency_9,9,AIADMK,59374,2001
Constituency_9,9,OTHERS,15280,2001
Constituency_10,10,INC,28837,2001
Constituency_10,10,BJP,32436,2001
Constituency_10,10,CPM,84381,2001
Constituency_10,10,AITC,29672,2001
Constituency_10,10,DMK,97037,2001
Constituency_10,10,AIADMK,19379,2001
Constituency_10,10,OTHERS,39471,2001
Constituency_11,11,INC,66214,2001
Constituency_11,11,BJP,14608,2001
Constituency_11,11,CPM,79363,2001
Constituency_11,11,AITC,19492,2001
Constituency_11,11,DMK,58462,2001
Constituency_11,11,AIADMK,98977,2001
Constituency_11,11,OTHERS,76666,2001
Constituency_12,12,INC,80356,2001
Constituency_12,12,BJP,43430,2001
Constituency_12,12,CPM,57018,2001
Constituency_12,12,AITC,73909,2001
Constituency_12,12,DMK,44687,2001
Constituency_12,12,AIADMK,11395,2001
Constituency_12,12,OTHERS,15958,2001
Constituency_13,13,INC,15715,2001
Constituency_13,13,BJP,24207,2001
Constituency_13,13,CPM,73536,2001
Constituency_13,13,AITC,13547,2001
Constituency_13,13,DMK,24977,2001
Constituency_13,13,AIADMK,48854,2001
Constituency_13,13,OTHERS,77091,2001
Constituency_14,14,INC,44339,2001
Constituency_14,14,BJP,41112,2001
Constituency_14,14,CPM,30219,2001
Constituency_14,14,AITC,47984,2001
Constituency_14,14,DMK,21475,2001
Constituency_14,14,AIADMK,48957,2001
Constituency_14,14,OTHERS,36651,2001
Constituency_15,15,INC,26404,2001
Constituency_15,15,BJP,34426,2001
Constituency_15,15,CPM,17717,2001
Constituency_15,15,AITC,40700,2001
Constituency_15,15,DMK,96545,2001
Constituency_15,15,AIADMK,39534,2001
Constituency_15,15,OTHERS,84376,2001
Constituency_16,16,INC,30923,2001
Constituency_16,16,BJP,49236,2001
Constituency_16,16,CPM,50967,2001
Constituency_16,16,AITC,59659,2001
Constituency_16,16,DMK,90648,2001
Constituency_16,16,AIADMK,24164,2001
Constituency_16,16,OTHERS,71713,2001
Constituency_17,17,INC,40958,2001
Constituency_17,17,BJP,76589,2001
Constituency_17,17,CPM,29301,2001
Constituency_17,17,AITC,37641,2001
Constituency_17,17,DMK,32308,2001
Constituency_17,17,AIADMK,43869,2001
Constituency_17,17,OTHERS,93870,2001
Constituency_18,18,INC,81463,2001
Constituency_18,18,BJP,57758,2001
Constituency_18,18,CPM,48961,2001
Constituency_18,18,AITC,54436,2001
Constituency_18,18,DMK,38355,2001
Constituency_18,18,AIADMK,73457,2001
Constituency_18,18,OTHERS,78480,2001
Constituency_19,19,INC,25663,2001
Constituency_19,19,BJP,59335,2001
Constituency_19,19,CPM,84851,2001
Constituency_19,19,AITC,99005,2001
Constituency_19,19,DMK,71254,2001
Constituency_19,19,AIADMK,55501,2001
Constituency_19,19,OTHERS,63709,2001
Constituency_20,20,INC,14758,2001
Constituency_20,20,BJP,38740,2001
Constituency_20,20,CPM,81889,2001
Constituency_20,20,AITC,48550,2001
Constituency_20,20,DMK,75873,2001
Constituency_20,20,AIADMK,16699,2001
Constituency_20,20,OTHERS,22393,2001
Constituency_21,21,INC,97847,2001
Constituency_21,21,BJP,74607,2001
Constituency_21,21,CPM,68893,2001
Constituency_21,21,AITC,31713,2001
Constituency_21,21,DMK,91526,2001
Constituency_21,21,AIADMK,74828,2001
Constituency_21,21,OTHERS,92976,2001
Constituency_22,22,INC,62786,2001
Constituency_22,22,BJP,20388,2001
Constituency_22,22,CPM,15171,2001
Constituency_22,22,AITC,61741,2001
Constituency_22,22,DMK,50676,2001
Constituency_22,22,AIADMK,37737,2001
Constituency_22,22,OTHERS,17967,2001
Constituency_23,23,INC,57047,2001
Constituency_23,23,BJP,17569,2001
Constituency_23,23,CPM,46868,2001
Constituency_23,23,AITC,44436,2001
Constituency_23,23,DMK,59583,2001
Constituency_23,23,AIADMK,57645,2001
Constituency_23,23,OTHERS,18577,2001
Constituency_24,24,INC,33041,2001
Constituency_24,24,BJP,11676,2001
Constituency_24,24,CPM,90931,2001
Constituency_24,24,AITC,41703,2001
Constituency_24,24,DMK,50588,2001
Constituency_24,24,AIADMK,13167,2001
Constituency_24,24,OTHERS,65625,2001
Constituency_25,25,INC,64143,2001
Constituency_25,25,BJP,76408,2001
Constituency_25,25,CPM,24274,2001
Constituency_25,25,AITC,66609,2001
Constituency_25,25,DMK,24285,2001
Constituency_25,25,AIADMK,39304,2001
Constituency_25,25,OTHERS,62580,2001
Constituency_26,26,INC,45590,2001
Constituency_26,26,BJP,72954,2001
Constituency_26,26,CPM,96312,2001
Constituency_26,26,AITC,79104,2001
Constituency_26,26,DMK,42315,2001
Constituency_26,26,AIADMK,86447,2001
Constituency_26,26,OTHERS,70544,2001
Constituency_27,27,INC,22789,2001
Constituency_27,27,BJP,21656,2001
Constituency_27,27,CPM,95631,2001
Constituency_27,27,AITC,75538,2001
Constituency_27,27,DMK,63009,2001
Constituency_27,27,AIADMK,34996,2001
Constituency_27,27,OTHERS,22973,2001
Constituency_28,28,INC,37817,2001
Constituency_28,28,BJP,54746,2001
Constituency_28,28,CPM,62525,2001
Constituency_28,28,AITC,90731,2001
Constituency_28,28,DMK,98931,2001
Constituency_28,28,AIADMK,39482,2001
Constituency_28,28,OTHERS,25908,2001
Constituency_29,29,INC,29292,2001
Constituency_29,29,BJP,68438,2001
Constituency_29,29,CPM,28215,2001
Constituency_29,29,AITC,75511,2001
Constituency_29,29,DMK,66222,2001
Constituency_29,29,AIADMK,51907,2001
Constituency_29,29,OTHERS,10816,2001
Constituency_30,30,INC,35888,2001
Constituency_30,30,BJP,63669,2001
Constituency_30,30,CPM,35896,2001
Constituency_30,30,AITC,73650,2001
Constituency_30,30,DMK,56274,2001
Constituency_30,30,AIADMK,67479,2001
Constituency_30,30,OTHERS,74784,2001
Constituency_31,31,INC,50612,2001
Constituency_31,31,BJP,73965,2001
Constituency_31,31,CPM,91240,2001
Constituency_31,31,AITC,10674,2001
Constituency_31,31,DMK,20002,2001
Constituency_31,31,AIADMK,44840,2001
Constituency_31,31,OTHERS,13821,2001
Constituency_32,32,INC,73858,2001
Constituency_32,32,BJP,59512,2001
Constituency_32,32,CPM,97564,2001
Constituency_32,32,AITC,64548,2001
Constituency_32,32,DMK,62376,2001
Constituency_32,32,AIADMK,46481,2001
Constituency_32,32,OTHERS,85529,2001
Constituency_33,33,INC,75092,2001
Constituency_33,33,BJP,52269,2001
Constituency_33,33,CPM,72995,2001
Constituency_33,33,AITC,94787,2001
Constituency_33,33,DMK,63147,2001
Constituency_33,33,AIADMK,90181,2001
Constituency_33,33,OTHERS,13259,2001
Constituency_34,34,INC,48796,2001
Constituency_34,34,BJP,86010,2001
Constituency_34,34,CPM,68258,2001
Constituency_34,34,AITC,80476,2001
Constituency_34,34,DMK,53750,2001
Constituency_34,34,AIADMK,82588,2001
Constituency_34,34,OTHERS,52553,2001
Constituency_35,35,INC,65951,2001
Constituency_35,35,BJP,53299,2001
Constituency_35,35,CPM,33225,2001
Constituency_35,35,AITC,19219,2001
Constituency_35,35,DMK,92267,2001
Constituency_35,35,AIADMK,69775,2001
Constituency_35,35,OTHERS,54035,2001
Constituency_36,36,INC,66770,2001
Constituency_36,36,BJP,98232,2001
Constituency_36,36,CPM,89132,2001
Constituency_36,36,AITC,43529,2001
Constituency_36,36,DMK,21870,2001
Constituency_36,36,AIADMK,52293,2001
Constituency_36,36,OTHERS,62199,2001
Constituency_37,37,INC,81578,2001
Constituency_37,37,BJP,36118,2001
Constituency_37,37,CPM,58123,2001
Constituency_37,37,AITC,30259,2001
Constituency_37,37,DMK,16860,2001
Constituency_37,37,AIADMK,59245,2001
Constituency_37,37,OTHERS,79969,2001
Constituency_38,38,INC,28772,2001
Constituency_38,38,BJP,39406,2001
Constituency_38,38,CPM,68073,2001
Constituency_38,38,AITC,26087,2001
Constituency_38,38,DMK,16721,2001
Constituency_38,38,AIADMK,91577,2001
Constituency_38,38,OTHERS,10697,2001
Constituency_39,39,INC,52032,2001
Constituency_39,39,BJP,66948,2001
Constituency_39,39,CPM,88370,2001
Constituency_39,39,AITC,99599,2001
Constituency_39,39,DMK,48670,2001
Constituency_39,39,AIADMK,97170,2001
Constituency_39,39,OTHERS,62776,2001
Constituency_40,40,INC,11526,2001
Constituency_40,40,BJP,62249,2001
Constituency_40,40,CPM,58756,2001
Constituency_40,40,AITC,34838,2001
Constituency_40,40,DMK,95049,2001
Constituency_40,40,AIADMK,66460,2001
Constituency_40,40,OTHERS,33245,2001
Constituency_41,41,INC,79186,2001
Constituency_41,41,BJP,24862,2001
Constituency_41,41,CPM,53149,2001
Constituency_41,41,AITC,35018,2001
Constituency_41,41,DMK,43426,2001
Constituency_41,41,AIADMK,65745,2001
Constituency_41,41,OTHERS,46956,2001
Constituency_42,42,INC,66182,2001
Constituency_42,42,BJP,33937,2001
Constituency_42,42,CPM,45530,2001
Constituency_42,42,AITC,50535,2001
Constituency_42,42,DMK,30201,2001
Constituency_42,42,AIADMK,87819,2001
Constituency_42,42,OTHERS,67088,2001
Constituency_43,43,INC,69949,2001
Constituency_43,43,BJP,17498,2001
Constituency_43,43,CPM,61815,2001
Constituency_43,43,AITC,60018,2001
Constituency_43,43,DMK,12504,2001
Constituency_43,43,AIADMK,50020,2001
Constituency_43,43,OTHERS,36262,2001
Constituency_44,44,INC,18301,2001
Constituency_44,44,BJP,94736,2001
Constituency_44,44,CPM,39257,2001
Constituency_44,44,AITC,96591,2001
Constituency_44,44,DMK,29524,2001
Constituency_44,44,AIADMK,56665,2001
Constituency_44,44,OTHERS,80321,2001
Constituency_45,45,INC,30902,2001
Constituency_45,45,BJP,77185,2001
Constituency_45,45,CPM,82338,2001
Constituency_45,45,AITC,71819,2001
Constituency_45,45,DMK,21741,2001
Constituency_45,45,AIADMK,39336,2001
Constituency_45,45,OTHERS,39784,2001
Constituency_46,46,INC,10713,2001
Constituency_46,46,BJP,68385,2001
Constituency_46,46,CPM,55582,2001
Constituency_46,46,AITC,11231,2001
Constituency_46,46,DMK,92635,2001
Constituency_46,46,AIADMK,87238,2001
Constituency_46,46,OTHERS,12554,2001
Constituency_47,47,INC,82906,2001
Constituency_47,47,BJP,23115,2001
Constituency_47,47,CPM,72032,2001
Constituency_47,47,AITC,47791,2001
Constituency_47,47,DMK,26915,2001
Constituency_47,47,AIADMK,83186,2001
Constituency_47,47,OTHERS,43026,2001
Constituency_48,48,INC,72314,2001
Constituency_48,48,BJP,90262,2001
Constituency_48,48,CPM,94818,2001
Constituency_48,48,AITC,96804,2001
Constituency_48,48,DMK,75802,2001
Constituency_48,48,AIADMK,22280,2001
Constituency_48,48,OTHERS,23285,2001
Constituency_49,49,INC,45863,2001
Constituency_49,49,BJP,23853,2001
Constituency_49,49,CPM,83999,2001
Constituency_49,49,AITC,52953,2001
Constituency_49,49,DMK,79855,2001
Constituency_49,49,AIADMK,27582,2001
Constituency_49,49,OTHERS,10455,2001
Constituency_50,50,INC,17737,2001
Constituency_50,50,BJP,87937,2001
Constituency_50,50,CPM,81346,2001
Constituency_50,50,AITC,59429,2001
Constituency_50,50,DMK,76061,2001
Constituency_50,50,AIADMK,95709,2001
Constituency_50,50,OTHERS,58891,2001
Constituency_51,51,INC,39449,2001
Constituency_51,51,BJP,40094,2001
Constituency_51,51,CPM,68773,2001
Constituency_51,51,AITC,97524,2001
Constituency_51,51,DMK,97573,2001
Constituency_51,51,AIADMK,89383,2001
Constituency_51,51,OTHERS,10544,2001
Constituency_52,52,INC,72584,2001
Constituency_52,52,BJP,25411,2001
Constituency_52,52,CPM,18944,2001
Constituency_52,52,AITC,31210,2001
Constituency_52,52,DMK,30932,2001
Constituency_52,52,AIADMK,76619,2001
Constituency_52,52,OTHERS,48973,2001
Constituency_53,53,INC,75085,2001
Constituency_53,53,BJP,82023,2001
Constituency_53,53,CPM,88175,2001
Constituency_53,53,AITC,21110,2001
Constituency_53,53,DMK,39705,2001
Constituency_53,53,AIADMK,80682,2001
Constituency_53,53,OTHERS,63454,2001
Constituency_54,54,INC,12051,2001
Constituency_54,54,BJP,95341,2001
Constituency_54,54,CPM,75856,2001
Constituency_54,54,AITC,35349,2001
Constituency_54,54,DMK,14849,2001
Constituency_54,54,AIADMK,97341,2001
Constituency_54,54,OTHERS,60184,2001
Constituency_55,55,INC,35333,2001
Constituency_55,55,BJP,89454,2001
Constituency_55,55,CPM,57043,2001
Constituency_55,55,AITC,86318,2001
Constituency_55,55,DMK,33069,2001
Constituency_55,55,AIADMK,65008,2001
Constituency_55,55,OTHERS,25608,2001
Constituency_56,56,INC,62100,2001
Constituency_56,56,BJP,77860,2001
Constituency_56,56,CPM,13375,2001
Constituency_56,56,AITC,32953,2001
Constituency_56,56,DMK,59706,2001
Constituency_56,56,AIADMK,90563,2001
Constituency_56,56,OTHERS,55245,2001
Constituency_57,57,INC,65671,2001
Constituency_57,57,BJP,85440,2001
Constituency_57,57,CPM,64388,2001
Constituency_57,57,AITC,82571,2001
Constituency_57,57,DMK,49617,2001
Constituency_57,57,AIADMK,31891,2001
Constituency_57,57,OTHERS,86563,2001
Constituency_58,58,INC,83170,2001
Constituency_58,58,BJP,26735,2001
Constituency_58,58,CPM,90924,2001
Constituency_58,58,AITC,27111,2001
Constituency_58,58,DMK,12613,2001
Constituency_58,58,AIADMK,35088,2001
Constituency_58,58,OTHERS,12297,2001
Constituency_59,59,INC,81333,2001
Constituency_59,59,BJP,37093,2001
Constituency_59,59,CPM,46085,2001
Constituency_59,59,AITC,58807,2001
Constituency_59,59,DMK,77388,2001
Constituency_59,59,AIADMK,50237,2001
Constituency_59,59,OTHERS,50968,2001
Constituency_60,60,INC,30753,2001
Constituency_60,60,BJP,32601,2001
Constituency_60,60,CPM,63096,2001
Constituency_60,60,AITC,23918,2001
Constituency_60,60,DMK,12138,2001
Constituency_60,60,AIADMK,22165,2001
Constituency_60,60,OTHERS,15966,2001
Constituency_61,61,INC,64970,2001
Constituency_61,61,BJP,42323,2001
Constituency_61,61,CPM,58750,2001
Constituency_61,61,AITC,40284,2001
Constituency_61,61,DMK,99594,2001
Constituency_61,61,AIADMK,46592,2001
Constituency_61,61,OTHERS,89927,2001
Constituency_62,62,INC,24229,2001
Constituency_62,62,BJP,69682,2001
Constituency_62,62,CPM,83493,2001
Constituency_62,62,AITC,52426,2001
Constituency_62,62,DMK,91656,2001
Constituency_62,62,AIADMK,16509,2001
Constituency_62,62,OTHERS,22654,2001
Constituency_63,63,INC,47826,2001
Constituency_63,63,BJP,57326,2001
Constituency_63,63,CPM,12937,2001
Constituency_63,63,AITC,62696,2001
Constituency_63,63,DMK,47130,2001
Constituency_63,63,AIADMK,91659,2001
Constituency_63,63,OTHERS,80494,2001
Constituency_64,64,INC,93205,2001
Constituency_64,64,BJP,56098,2001
Constituency_64,64,CPM,91113,2001
Constituency_64,64,AITC,98344,2001
Constituency_64,64,DMK,56947,2001
Constituency_64,64,AIADMK,38056,2001
Constituency_64,64,OTHERS,85029,2001
Constituency_65,65,INC,94923,2001
Constituency_65,65,BJP,87173,2001
Constituency_65,65,CPM,98402,2001
Constituency_65,65,AITC,42630,2001
Constituency_65,65,DMK,70716,2001
Constituency_65,65,AIADMK,43220,2001
Constituency_65,65,OTHERS,42307,2001
Constituency_66,66,INC,51895,2001
Constituency_66,66,BJP,41649,2001
Constituency_66,66,CPM,75984,2001
Constituency_66,66,AITC,34165,2001
Constituency_66,66,DMK,37271,2001
Constituency_66,66,AIADMK,52157,2001
Constituency_66,66,OTHERS,76372,2001
Constituency_67,67,INC,76150,2001
Constituency_67,67,BJP,15917,2001
Constituency_67,67,CPM,84047,2001
Constituency_67,67,AITC,19600,2001
Constituency_67,67,DMK,75577,2001
Constituency_67,67,AIADMK,40203,2001
Constituency_67,67,OTHERS,81056,2001
Constituency_68,68,INC,90472,2001
Constituency_68,68,BJP,35966,2001
Constituency_68,68,CPM,59470,2001
Constituency_68,68,AITC,74078,2001
Constituency_68,68,DMK,15002,2001
Constituency_68,68,AIADMK,46250,2001
Constituency_68,68,OTHERS,45902,2001
Constituency_69,69,INC,12629,2001
Constituency_69,69,BJP,72369,2001
Constituency_69,69,CPM,87619,2001
Constituency_69,69,AITC,82004,2001
Constituency_69,69,DMK,77008,2001
Constituency_69,69,AIADMK,59233,2001
Constituency_69,69,OTHERS,79147,2001
Constituency_70,70,INC,40250,2001
Constituency_70,70,BJP,94502,2001
Constituency_70,70,CPM,97303,2001
Constituency_70,70,AITC,99904,2001
Constituency_70,70,DMK,51128,2001
Constituency_70,70,AIADMK,37805,2001
Constituency_70,70,OTHERS,67189,2001
Constituency_71,71,INC,72176,2001
Constituency_71,71,BJP,39166,2001
Constituency_71,71,CPM,99849,2001
Constituency_71,71,AITC,85535,2001
Constituency_71,71,DMK,67707,2001
Constituency_71,71,AIADMK,44466,2001
Constituency_71,71,OTHERS,70162,2001
Constituency_72,72,INC,97504,2001
Constituency_72,72,BJP,17451,2001
Constituency_72,72,CPM,21341,2001
Constituency_72,72,AITC,51661,2001
Constituency_72,72,DMK,76958,2001
Constituency_72,72,AIADMK,89494,2001
Constituency_72,72,OTHERS,38957,2001
Constituency_73,73,INC,56726,2001
Constituency_73,73,BJP,54443,2001
Constituency_73,73,CPM,27631,2001
Constituency_73,73,AITC,13130,2001
Constituency_73,73,DMK,98934,2001
Constituency_73,73,AIADMK,10140,2001
Constituency_73,73,OTHERS,66990,2001
Constituency_74,74,INC,21189,2001
Constituency_74,74,BJP,64072,2001
Constituency_74,74,CPM,11263,2001
Constituency_74,74,AITC,67404,2001
Constituency_74,74,DMK,11328,2001
Constituency_74,74,AIADMK,60766,2001
Constituency_74,74,OTHERS,11923,2001
Constituency_75,75,INC,76401,2001
Constituency_75,75,BJP,40456,2001
Constituency_75,75,CPM,39297,2001
Constituency_75,75,AITC,64930,2001
Constituency_75,75,DMK,65737,2001
Constituency_75,75,AIADMK,90285,2001
Constituency_75,75,OTHERS,25973,2001
Constituency_76,76,INC,46084,2001
Constituency_76,76,BJP,63842,2001
Constituency_76,76,CPM,16838,2001
Constituency_76,76,AITC,12521,2001
Constituency_76,76,DMK,28333,2001
Constituency_76,76,AIADMK,46575,2001
Constituency_76,76,OTHERS,28043,2001
Constituency_77,77,INC,20706,2001
Constituency_77,77,BJP,43472,2001
Constituency_77,77,CPM,78574,2001
Constituency_77,77,AITC,56455,2001
Constituency_77,77,DMK,65888,2001
Constituency_77,77,AIADMK,61496,2001
Constituency_77,77,OTHERS,79488,2001
Constituency_78,78,INC,19813,2001
Constituency_78,78,BJP,10036,2001
Constituency_78,78,CPM,27503,2001
Constituency_78,78,AITC,47417,2001
Constituency_78,78,DMK,32411,2001
Constituency_78,78,AIADMK,33345,2001
Constituency_78,78,OTHERS,66883,2001
Constituency_79,79,INC,62127,2001
Constituency_79,79,BJP,89588,2001
Constituency_79,79,CPM,25112,2001
Constituency_79,79,AITC,65494,2001
Constituency_79,79,DMK,13248,2001
Constituency_79,79,AIADMK,58367,2001
Constituency_79,79,OTHERS,29752,2001
Constituency_80,80,INC,95107,2001
Constituency_80,80,BJP,18508,2001
Constituency_80,80,CPM,10667,2001
Constituency_80,80,AITC,98106,2001
Constituency_80,80,DMK,97187,2001
Constituency_80,80,AIADMK,30179,2001
Constituency_80,80,OTHERS,79510,2001
Constituency_81,81,INC,58812,2001
Constituency_81,81,BJP,73808,2001
Constituency_81,81,CPM,41138,2001
Constituency_81,81,AITC,39643,2001
Constituency_81,81,DMK,30381,2001
Constituency_81,81,AIADMK,97600,2001
Constituency_81,81,OTHERS,98096,2001
Constituency_82,82,INC,19630,2001
Constituency_82,82,BJP,12317,2001
Constituency_82,82,CPM,77020,2001
Constituency_82,82,AITC,25788,2001
Constituency_82,82,DMK,75128,2001
Constituency_82,82,AIADMK,30646,2001
Constituency_82,82,OTHERS,31857,2001
Constituency_83,83,INC,13645,2001
Constituency_83,83,BJP,99833,2001
Constituency_83,83,CPM,33676,2001
Constituency_83,83,AITC,59616,2001
Constituency_83,83,DMK,92290,2001
Constituency_83,83,AIADMK,85880,2001
Constituency_83,83,OTHERS,19145,2001
Constituency_84,84,INC,12241,2001
Constituency_84,84,BJP,93368,2001
Constituency_84,84,CPM,61906,2001
Constituency_84,84,AITC,77909,2001
Constituency_84,84,DMK,81823,2001
Constituency_84,84,AIADMK,30450,2001
Constituency_84,84,OTHERS,60998,2001
Constituency_85,85,INC,78667,2001
Constituency_85,85,BJP,32888,2001
Constituency_85,85,CPM,91944,2001
Constituency_85,85,AITC,62031,2001
Constituency_85,85,DMK,74048,2001
Constituency_85,85,AIADMK,48194,2001
Constituency_85,85,OTHERS,53923,2001
Constituency_86,86,INC,66633,2001
Constituency_86,86,BJP,17429,2001
Constituency_86,86,CPM,82049,2001
Constituency_86,86,AITC,82018,2001
Constituency_86,86,DMK,97267,2001
Constituency_86,86,AIADMK,16266,2001
Constituency_86,86,OTHERS,39996,2001
Constituency_87,87,INC,69464,2001
Constituency_87,87,BJP,11836,2001
Constituency_87,87,CPM,75399,2001
Constituency_87,87,AITC,25080,2001
Constituency_87,87,DMK,18780,2001
Constituency_87,87,AIADMK,69839,2001
Constituency_87,87,OTHERS,76758,2001
Constituency_88,88,INC,18729,2001
Constituency_88,88,BJP,40897,2001
Constituency_88,88,CPM,78745,2001
Constituency_88,88,AITC,28102,2001
Constituency_88,88,DMK,85385,2001
Constituency_88,88,AIADMK,48250,2001
Constituency_88,88,OTHERS,55139,2001
Constituency_89,89,INC,35664,2001
Constituency_89,89,BJP,70912,2001
Constituency_89,89,CPM,76121,2001
Constituency_89,89,AITC,83446,2001
Constituency_89,89,DMK,50889,2001
Constituency_89,89,AIADMK,68118,2001
Constituency_89,89,OTHERS,78514,2001
Constituency_90,90,INC,29382,2001
Constituency_90,90,BJP,89906,2001
Constituency_90,90,CPM,35237,2001
Constituency_90,90,AITC,76499,2001
Constituency_90,90,DMK,82747,2001
Constituency_90,90,AIADMK,15318,2001
Constituency_90,90,OTHERS,49608,2001
Constituency_91,91,INC,27093,2001
Constituency_91,91,BJP,46518,2001
Constituency_91,91,CPM,34944,2001
Constituency_91,91,AITC,42939,2001
Constituency_91,91,DMK,64550,2001
Constituency_91,91,AIADMK,16087,2001
Constituency_91,91,OTHERS,62644,2001
Constituency_92,92,INC,50260,2001
Constituency_92,92,BJP,10670,2001
Constituency_92,92,CPM,87619,2001
Constituency_92,92,AITC,31716,2001
Constituency_92,92,DMK,56890,2001
Constituency_92,92,AIADMK,43790,2001
Constituency_92,92,OTHERS,41528,2001
Constituency_93,93,INC,27138,2001
Constituency_93,93,BJP,87114,2001
Constituency_93,93,CPM,11827,2001
Constituency_93,93,AITC,66625,2001
Constituency_93,93,DMK,53578,2001
Constituency_93,93,AIADMK,52293,2001
Constituency_93,93,OTHERS,64345,2001
Constituency_94,94,INC,57178,2001
Constituency_94,94,BJP,58199,2001
Constituency_94,94,CPM,49860,2001
Constituency_94,94,AITC,21563,2001
Constituency_94,94,DMK,59682,2001
Constituency_94,94,AIADMK,92273,2001
Constituency_94,94,OTHERS,36490,2001
Constituency_95,95,INC,86194,2001
Constituency_95,95,BJP,10637,2001
Constituency_95,95,CPM,91840,2001
Constituency_95,95,AITC,45182,2001
Constituency_95,95,DMK,95816,2001
Constituency_95,95,AIADMK,70718,2001
Constituency_95,95,OTHERS,98991,2001
Constituency_96,96,INC,34326,2001
Constituency_96,96,BJP,98143,2001
Constituency_96,96,CPM,38456,2001
Constituency_96,96,AITC,79407,2001
Constituency_96,96,DMK,83954,2001
Constituency_96,96,AIADMK,24510,2001
Constituency_96,96,OTHERS,83619,2001
Constituency_97,97,INC,58912,2001
Constituency_97,97,BJP,30586,2001
Constituency_97,97,CPM,83576,2001
Constituency_97,97,AITC,81187,2001
Constituency_97,97,DMK,62986,2001
Constituency_97,97,AIADMK,81718,2001
Constituency_97,97,OTHERS,82838,2001
Constituency_98,98,INC,13933,2001
Constituency_98,98,BJP,45688,2001
Constituency_98,98,CPM,99379,2001
Constituency_98,98,AITC,85486,2001
Constituency_98,98,DMK,44810,2001
Constituency_98,98,AIADMK,18037,2001
Constituency_98,98,OTHERS,87961,2001
Constituency_99,99,INC,73574,2001
Constituency_99,99,BJP,67297,2001
Constituency_99,99,CPM,40025,2001
Constituency_99,99,AITC,43236,2001
Constituency_99,99,DMK,38223,2001
Constituency_99,99,AIADMK,64234,2001
Constituency_99,99,OTHERS,92300,2001
Constituency_100,100,INC,79971,2001
Constituency_100,100,BJP,85163,2001
Constituency_100,100,CPM,76673,2001
Constituency_100,100,AITC,96855,2001
Constituency_100,100,DMK,86719,2001
Constituency_100,100,AIADMK,91467,2001
Constituency_100,100,OTHERS,46824,2001
